ingame,name,rating,id
Ａ＊Ｙｕｍｅ☆,릭스,16331,yumeaster
TACTIPOP,티팝,16523,tactipop2
Ｄ．Ｈёａｖёｎ,헤븐,16491,heavn_
ＲｅｅＴ♪,리트,15407,reet3553
ＲｕｂｙＰｌｕｓ,루비플러스,16331,rubyplus
ＳＴＡＲＴＥＲ,스타터,15924,yunyumin.
＠Σ！Ｒ◎＿☆＿,미로,13960,m1ro__
ＯＣＴＯＰＵＳ！,김문어,15125,octopus_120
Ａ＊ｃｈｏｍｕｋ,초뭏,15211,chomuk
A*DAZBEE,에덴,16435,edeneve
ＤｏｈｗａＫｉｍ,도화킴,16034,dohwakim
ＪａｅＨａｅｎ,재핸,16523,jaehaen_xxx
Ｕ．ＣＲＫ,크리커,16438,creeker__
TEUPEU,트프,16488,teupeu
Ｄ．Ｐ１ＫＡ,피카,16506,pika_p1ka.
NANAIRO*,나로,15068,nanairo
ＡＳＴＥＲＩＳＫ,아스타,16372,asterisk_over
ＧＡＮＡＲＩ７☆,가날이,16167,가날이
††ＳｉＺ††,시즈,15751,siz__________
Ａ＊ＳＯＶＩＬ,소빌,15003,sovil_photo
Ａ＊ＳＥＣ♪,세크,16353,SAEFC
Ａ＊Ｄｏｒｏ,도로,14673,_doro_05
S○◎NJφ♪,순조,16480,soonbam
ＫＫＡ－ＳＩＬ,실리버리,16365,silivary
ｋｏｎｐａ,콘파,15516,_konpa
Ｂｒｅａｄ・Ｄ,주니,13768,2bread_duck7
!!?!?,허어억,16237,hukhukhuk723
ｎｙａ,냐,14395,nyangii
ＳＯＥＮＣＩＵＮ,해밀시언,14177,haemilciun
ＴαＲ◎,타로,16516,broccoli_soo
ＲＡＥＣＯＮｉ＿,레코니,14503,raeconi_
Ａ＊ＭＩＮ＠ＲＩ,미나리,13785,exminal
GGUMI,꺼미,14943,ggumizang
A*Ibuki♪,플럭,16201,fluk_1029
☆======Σ,태형,15784,tvganze
C,트리,15778,contury3
ＲＥＴＵＲＮ　Ｐ,리턴,14709, returnp
ＨＵＳＢＡＮ,허스반,16509,husban.ping_9
☆Ｐｕｒｐｌｙ☆,퍼플리,15419,purplymaimai
ＳＴＡＲＴ◎ω◎,스타트,16470,jeoseungseob
ＲａｉｎＴｏｐ,나모두,16009,i_n_all
ＳＯＨＡ,소하,15465,sonic1811
ＨＯＭＩ†,호미,15279,_hanbit
ＫＡＴＯ　♪,카토,16523,shuu24
Ｕ．ＭＩＮ4ＲＩ,미나리,15916,water_root
ROXY,록시,15719,seohee0315
＃Ｓｈａｐｅ,눈송이,15262,snowrose_
Ｋｏｏ－ＴＡＮ♪,쿠땅,15519,Kooh8
Ａ＊ＨＡＪＩＭＥ,세이운하지메,16523,rav7976
ＷＨｃｈｉｌｄ,우후,15891,whchild
Ｔ＿ｎａｏ,나오,16488,seung_bin7
Ｍ＊ＭＯＬＯＮＡ,모로나,14283,molona_0222
 ＪＵＨＯ２６６３,주호,12953,juho2663
Ｉ☆ｍａｉｍａｉ,빈대떡,15731,bindaeddeokluv._.
SOM ☆~,솜,15546,솜찡찡긋
HAYACCHI,하얏치,16451,@hayacchi_774
ＺｏｄｉａＣ☆,조디악,14509,starwriting
ＤｅＬｌｉＮｇ,델링,16504,dxlling
ＬＯＶＥＬＡＩＫ,러브라이카,14920,lovelaika03
Ａ＊ＳＡＹＷＯＯ,세이우,16010,saywoo
Ｂ１ＮＫ＊,공백,13023,b1nk.
ＭＩＮ２ＷＯＯ,민우,16085,seotdalhan_20898
Yz☆u♪,유즈,15867,sec_acc1
ＪＯＮＧＰＡＲＫ,종박,15678,jongpark1234
Ｉ：ＮΣ,스누피,16414,snoopy_ybom
ＡＭＡＢＩＥ？！,아마비에,15300,amabie_319
BZinc@BP,아연,16478,bzinc_df
Ａ＊ＫＵＲＵＭＩ,루필,15209,ruphil_
Soninm,손님,16339,soninm
maimaiDX,사이엄,16198,hanjongwon123
γαΣφＶД†－,라모네,12705,kkuingaku
ＳＬＯＴ,슬롯,14304,maimaidx
ＳＳＡＬＳＵＮＧ,휩,16311,whipmu
RERIN,레린,16302,rerin0426
ＫＹＩＮ　－ω－,카인,14611,kyin_
ＵＥＯＮ～θωθ,베니트,15615,benite_0
ＹＵＨＩＲＩＮ,유히린,13434,yuhirinsea
Ｖｅｒｍｅｉｌ,버메일,15573,vermeil_
ｊａｍｍｉｎ,큭윽,15831,minami3362
ＤＥＣＩＭＡＬ,롤고수,15170,lolgosu
GOHGEUP,레스토랑스,15545,gohgeup
ＪＣｈｏｇａｎｇ,초강,15735,chogang_
ＲＡＺ,라즈,15082,wafer_villain
Serim♪,세림,16196,serim_ing
ＳｅｏｋＪｕ,석주,15400,baekseokju
ＤＯＮＧＧＡ,동가,16249,donggadongga.
Ａ＊Ｄｉｋｉ☆,디키,15458,as200005
Ｎａｎ,난,14174,kwak2389
Ｔｙｐｈｏｏｎ,타이푼,14239,_2017.12.15
ORUTORIA,토리아,16183,toria7642
Ｄ．　　ＮＡＣＯ,나코,16511,neirin_
ＭＥＧＵ,메구,16293,__megu
D. ARU,아루밍,16516,aruming
ＦＲＥＥＪＯＹ,프리조이,15576,freejoy._.
ＬＥＹＡ♪,레야,16410,leya_aubrey
Ｓ！２,시즈,13396,siz.772
Ａ＊Ｊ．Ｌ．Ｙ♪,쩰리,16214,kkori8908
Rë?,에이서,16074,aesir627
DELK,델크,15408,delk9022
ＣＯＳＡ♪,코사,14087,co1004
Ｄ．ｌｌｌｉｌｌ,릴,16387,lllill.
ＲＩＯ,리오,16388,.nannullo
Ｄ．ＮＺ,엔제,16235,nz_nier
１６４Ｇ＊Ｒ３,히로시게,14536,hrsg36
Nekosua,네코수아,15395,nekomimisyndrome
ＨｉＮＴ,힌트,16330,whitegreen
SUBSTN,서브,16068,substn
ＢＬＵＥ－ＳＩＫ,블루싴,16238,blue_sik
U.N.Owen,콕콕이,15962,kokogi3141
#ORIE,김나린,15209,summer_snow_1122
ＮＥＫＯＹＵ,네코유,12825,nekoyu_07
Arcana*☆,아르카나,15008,yukong_owo_
Ｍｉｎｔ＿ＤＡ,초코민트,11198,chocomint_da
Ｒ ☆ Ｉ Ｎ Ａ,레이나,14096,seruefian
ＳｈωｒＡ☆,슈라,14358,mang_0w0
Ｋ△Ｋ,동관,16478,d0ngkwan
ＭＵＲＩＮ♪,무린,15513,cheeserin
ＲＵＮＥ,루네,14308,rune0510
ＪＵＺＺＩ＝ω＝,주찌,15199,jueun9573
ＲｅＦｒｏｚｎ,냉장고,14958,refrozn
ＭＡＢＩＫＡ～♪,마비카,16176,gamza__1523
CHIRAMI♪,치라미,15853,emongod
Ｄａｒｏｎ＿Ｅ,다론,16330,sr3gm
ＭＯＯＮ,문,15667,shrimp630
ｈｅｏｎ．ｍｅ♪,헌,15607,heon_me
Ｌｉｚｅ：ＦＡＮ,뚝딱맨,16268,ljm7555
Ｃｆ．Ｃａｋｅ,쉬폰,16306,cfcake
scarletT,스칼렛,16163,2yeonguk
Ｃｉｒｎｏ＊９,치르노,16509,cirno9999
ＪＡＫＡＤＳ,자카드,16108,jakads
ＯＣ．ＳＫＹ☆,스카이,15599,thisisskyflow
2p2,낫좌,16031,2_people_2
ＰＡＲＭＯ＊,팔모,16379,parmor
５４６６,오사육육,15293,5466
ＵＰ,업,16257,up1780
Ｓ４ＮＡ,사나,16212,yangsanha
JUMO*,주모,15542,sickfoom
ＫＯＩＦＬＡＧ,코이플래그,15090,koiflag
ＧＡＲＵＮ,가룬,15983,garun_
Ｒ．Ｒ　○ω○,라이트루아,14268,rightrua
FORBIN,포루반,15557,inrobf
＃ＰＵＤ：ψ◎ψ,푸딩,16237,x1vpud
ＨＡＭ,햄/함,16516,ham_jyann_
ＭＡＲＯＮＧ,마롱티비,16046,marongtv
Ｒａｋｉｌｉ,라키리,16523,rakili
Ｅｌｏｄｙ,엘로디,15592,elody
：ｍｉｄｏｒｉ：,미도리,16270,midori.
ANTARES,레스,14085,di4453
ＩＺ．ＯＮＥ,아이즈원,12159,yjs00
ＯＨＣ,뚜,15533,onehunnitconst
＄ｙ０．,지빅,16320,sssyo
A*KOGKOG,콩,15980,icelettuce_
０１００,공백,12540,quattuorux
ＬＩＲＩＮＳＫＹ,리린스카이,16264,lirinsky
ＨＯＷＬＩＮＧ,하울링,16459,howlingsoul
ＤＡ５０Ｌ・∀・,다솔,13886,da5ol_
ＪＫψＨａｋｉ,하키,16203,chinchung
ＮＡＴＳＵＨＯ,나츠호,15485,k_.7803
ｋｉｒｒａｒｄ,라드,15254,kirrard
S E O L＝ω＝,이설,15873,iseol7851
Luxus.io,럭서스,15954,.luxus
：ＹｅＰｐＬｅ：,예플,16398,yepple
ReX×Er?!,렉서,12862,sanginyee
HPMAIDX,에이치피,14014,kim hp
TORIRI,토리리,14505,toriri6040
Ａ＊Ｎｏαｈ,노아,15807,noah_0371
ＪωＪ,재리,16303,ijaeweon8340
ＺＵＴＯＭＡＹＯ,즛토마요네즈,15437,zutomayo3831
ＫＫα,카노,16456,kr_kano
ＲＩＳＥＲＯＮ,라이즈론,13353,riseron
Ｔｈｏａ,토아,16320,thoa._.
Ｆｉｎｉ☆,삐니,14139,milheumdal
Noah,노아,15545,noah_sui
TAKAGI,타카기,14535,takagi_sensei
ＢＬＯＳＳＯＭ,블로섬,12644,b1ossom
ＪＡＮＧＪＩＮ,장진,16034,seorini5312
ＭＵＦＦ１Ｎ,페즈,15633,pez_muffin
＃ＳΣ　　Ｌ†Ｎ,세린,14627,prsk.
＠ω＠,매리도,15970,mrd_mm
ANMITSU,안미츠,16084,samtongchicken
ｋｏｚｅ,코제,14949,kkozee
ＥＢＥＢＥＢＹ,에비,14964,ebebeby
ＡＨＣＨＯ,아초,16354,acho7163
Ｆ５＊１０ＰＲＡ,맛있는튀김,16451,10pra
Ａ．Ｋ．,코코,14510,develcat
ｌａｂ＿ｒａｔ,실험쥐,16511,gordonramgee
ＲＩＫＯ＊,잰딩,15826,@k_j3n
ＮＥＷＭＩＮ,뉴민,13634,minimalsunshine_
NoFu,노푸,16437,nofu7651
ＳＵＬＲＡＮＧ,설랑월,14693,sulrangwol
SANCHIE,산치,15558,chunsanchie
EdeN,애덴,14314,edencompany
Sehyun,세현,15035,sehyundosa
ＣＡＲＰ,카프,15102,계수#9331
Ｓｅｙｒａｋｉ,로에,16109,seyraki
＊ｌｉｍｋ４８＊,림크,15145,limk48
MINY,미니,16077,danielmin0781
Ｅｎｅｒｇｉｉｉ,에네르기,15988,.energiii
ＨＩＮＡ　＊,히나,16166,sidhd9431
Sinus,시너스,16275,Sinus_9155
ＲＥＳＩＳＴ７,레지스트,15905,resist7
ＬＥＭＰ,램프,16518,lemp_
☆ＳＨΣＬＬ☆,셀님,15463,she11_nim
ｍａｉｍａｉＧＸ,GGD,16523,ggd9053
ＢＡＢＵ,바부,16232,nojingi
ＮψＫ,진성,16181,nanika000309
FBβ,숲거웅,16460,suggeoung
ＺＺＥＦＦ,제프,15441,zzeff
ＧＵＳＥＧＯωＯ,씨그너,16367,ssigner
ＳＵＢＩ☆,수비,16421,subichan
ＷｏＮａｍＵｏＤ,우나무드,16312,wo_namu_od
ＨＩＫＡ♪♪,히카,16458,hinantiusstar
THINK,띵크,16098,grey749
ＮＡＶＥＲ,네이버,16484,junsuo
