ingame,name,rating,id
TACTIPOP,티팝,16523,tactipop2
ＪａｅＨａｅｎ,재핸,16523,jaehaen_xxx
ＫＡＴＯ　♪,카토,16523,shuu24
Ａ＊ＨＡＪＩＭＥ,세이운하지메,16523,rav7976
ｍａｉｍａｉＧＸ,GGD,16523,ggd9053
Ｒａｋｉｌｉ,라키리,16523,rakili
ＬＥＭＰ,램프,16518,lemp_
D. ARU,아루밍,16516,aruming
ＴαＲ◎,타로,16516,broccoli_soo
ＨＡＭ,햄/함,16516,ham_jyann_
ｌａｂ＿ｒａｔ,실험쥐,16511,gordonramgee
Ｄ．　　ＮＡＣＯ,나코,16511,neirin_
Ｃｉｒｎｏ＊９,치르노,16509,cirno9999
ＨＵＳＢＡＮ,허스반,16509,husban.ping_9
Ｄ．Ｐ１ＫＡ,피카,16506,pika_p1ka.
ＤｅＬｌｉＮｇ,델링,16504,dxlling
Ｄ．Ｈёａｖёｎ,헤븐,16491,heavn_
Ｔ＿ｎａｏ,나오,16488,seung_bin7
TEUPEU,트프,16488,teupeu
ＮＡＶＥＲ,네이버,16484,junsuo
S○◎NJφ♪,순조,16480,soonbam
BZinc@BP,아연,16478,bzinc_df
Ｋ△Ｋ,동관,16478,d0ngkwan
ＳＴＡＲＴ◎ω◎,스타트,16470,jeoseungseob
FBβ,숲거웅,16460,suggeoung
ＨＯＷＬＩＮＧ,하울링,16459,howlingsoul
ＨＩＫＡ♪♪,히카,16458,hinantiusstar
ＫＫα,카노,16456,kr_kano
HAYACCHI,하얏치,16451,hayacchi_774
Ｆ５＊１０ＰＲＡ,맛있는튀김,16451,10pra
Ｕ．ＣＲＫ,크리커,16438,creeker__
NoFu,노푸,16437,nofu7651
A*DAZBEE,에덴,16435,edeneve
ＳＵＢＩ☆,수비,16421,subichan
Ｉ：ＮΣ,스누피,16414,snoopy_ybom
ＬＥＹＡ♪,레야,16410,leya_aubrey
：ＹｅＰｐＬｅ：,예플,16398,yepple
ＲＩＯ,리오,16388,.nannullo
Ｄ．ｌｌｌｉｌｌ,릴,16387,lllill.
ＰＡＲＭＯ＊,팔모,16379,parmor
ＡＳＴＥＲＩＳＫ,아스타,16372,asterisk_over
ＧＵＳＥＧＯωＯ,씨그너,16367,ssigner
ＫＫＡ－ＳＩＬ,실리버리,16365,silivary
ＡＨＣＨＯ,아초,16354,acho7163
Ａ＊ＳＥＣ♪,세크,16353,SAEFC
Soninm,손님,16339,soninm
Ａ＊Ｙｕｍｅ☆,릭스,16331,yumeaster
ＲｕｂｙＰｌｕｓ,루비플러스,16331,rubyplus
Ｄａｒｏｎ＿Ｅ,다론,16330,sr3gm
ＨｉＮＴ,힌트,16330,whitegreen
Ｔｈｏａ,토아,16320,thoa._.
＄ｙ０．,지빅,16320,sssyo
ＷｏＮａｍＵｏＤ,우나무드,16312,wo_namu_od
ＳＳＡＬＳＵＮＧ,휩,16311,whipmu
Ｃｆ．Ｃａｋｅ,쉬폰,16306,cfcake
ＪωＪ,재리,16303,ijaeweon8340
RERIN,레린,16302,rerin0426
ＭＥＧＵ,메구,16293,__megu
Sinus,시너스,16275,Sinus_9155
：ｍｉｄｏｒｉ：,미도리,16270,midori.
Ｌｉｚｅ：ＦＡＮ,뚝딱맨,16268,ljm7555
ＬＩＲＩＮＳＫＹ,리린스카이,16264,lirinsky
ＵＰ,업,16257,up1780
ＤＯＮＧＧＡ,동가,16249,donggadongga.
ＢＬＵＥ－ＳＩＫ,블루싴,16238,blue_sik
＃ＰＵＤ：ψ◎ψ,푸딩,16237,x1vpud
!!?!?,허어억,16237,hukhukhuk723
Ｄ．ＮＺ,엔제,16235,nz_nier
ＢＡＢＵ,바부,16232,nojingi
Ａ＊Ｊ．Ｌ．Ｙ♪,쩰리,16214,kkori8908
Ｓ４ＮＡ,사나,16212,yangsanha
ＪＫψＨａｋｉ,하키,16203,chinchung
A*Ibuki♪,플럭,16201,fluk_1029
maimaiDX,사이엄,16198,hanjongwon123
Serim♪,세림,16196,serim_ing
ORUTORIA,토리아,16183,toria7642
ＮψＫ,진성,16181,nanika000309
ＭＡＢＩＫＡ～♪,마비카,16176,gamza__1523
ＧＡＮＡＲＩ７☆,가날이,16167,가날이
ＨＩＮＡ　＊,히나,16166,sidhd9431
scarletT,스칼렛,16163,2yeonguk
Ｓｅｙｒａｋｉ,로에,16109,seyraki
ＪＡＫＡＤＳ,자카드,16108,jakads
THINK,띵크,16098,grey749
ＭＩＮ２ＷＯＯ,민우,16085,seotdalhan_20898
ANMITSU,안미츠,16084,samtongchicken
MINY,미니,16077,danielmin0781
Rë?,에이서,16074,aesir627
SUBSTN,서브,16068,substn
ＭＡＲＯＮＧ,마롱티비,16046,marongtv
ＤｏｈｗａＫｉｍ,도화킴,16034,dohwakim
ＪＡＮＧＪＩＮ,장진,16034,seorini5312
2p2,낫좌,16031,2_people_2
Ａ＊ＳＡＹＷＯＯ,세이우,16010,saywoo
ＲａｉｎＴｏｐ,나모두,16009,i_n_all
Ｅｎｅｒｇｉｉｉ,에네르기,15988,.energiii
ＧＡＲＵＮ,가룬,15983,garun_
A*KOGKOG,콩,15980,icelettuce_
＠ω＠,매리도,15970,mrd_mm
U.N.Owen,콕콕이,15962,kokogi3141
